BehaviorSpace results (NetLogo 7.0.4),Table version 2.0,,,,,
Project.nlogox,,,,,,
experiment,,,,,,
09/28/2026 10:40:41:471 +0200,,,,,,
min-pxcor,max-pxcor,min-pycor,max-pycor,,,
-9,9,-9,9,,,
[run number],maxSteps,strategie-aleatoire,nbPatrouilleurs,cognitif,[step],(nbPatrouilleurs / (count patches)) * maxMaxIdle
1,3000,false,1,true,3001,1.2770083102493075
2,3000,false,1,true,3001,1.254847645429363
3,3000,false,1,true,3001,1.3213296398891967
4,3000,false,1,true,3001,1.3019390581717452
5,3000,false,1,true,3001,1.2880886426592797
6,3000,false,1,true,3001,1.3047091412742382
7,3000,false,1,true,3001,1.3213296398891967
8,3000,false,1,true,3001,1.332409972299169
9,3000,false,1,true,3001,1.3102493074792243
10,3000,false,1,true,3001,1.2825484764542936
11,3000,false,1,false,3001,2.601108033240997
12,3000,false,1,false,3001,2.9002770083102494
13,3000,false,1,false,3001,3.481994459833795
14,3000,false,1,false,3001,3.14404432132964
15,3000,false,1,false,3001,2.78393351800554
16,3000,false,1,false,3001,2.839335180055402
17,3000,false,1,false,3001,3.033240997229917
18,3000,false,1,false,3001,2.662049861495845
19,3000,false,1,false,3001,2.6786703601108033
20,3000,false,1,false,3001,2.662049861495845
21,3000,false,2,true,3001,1.894736842105263
22,3000,false,2,true,3001,1.9445983379501386
23,3000,false,2,true,3001,2.1662049861495847
24,3000,false,2,true,3001,1.8448753462603877
25,3000,false,2,true,3001,2.1329639889196677
26,3000,false,2,true,3001,2.0886426592797784
27,3000,false,2,true,3001,2.1994459833795013
28,3000,false,2,true,3001,1.9556786703601108
29,3000,false,2,true,3001,2.0664819944598336
30,3000,false,2,true,3001,2.155124653739612
31,3000,false,2,false,3001,6.188365650969529
32,3000,false,2,false,3001,5.756232686980609
33,3000,false,2,false,3001,5.745152354570637
34,3000,false,2,false,3001,4.792243767313019
35,3000,false,2,false,3001,5.434903047091413
36,3000,false,2,false,3001,5.767313019390582
37,3000,false,2,false,3001,6.099722991689751
38,3000,false,2,false,3001,7.695290858725762
39,3000,false,2,false,3001,5.678670360110804
40,3000,false,2,false,3001,5.412742382271468
41,3000,false,4,true,3001,3.479224376731302
42,3000,false,4,true,3001,3.434903047091413
43,3000,false,4,true,3001,3.7229916897506925
44,3000,false,4,true,3001,3.601108033240997
45,3000,false,4,true,3001,3.0027700831024933
46,3000,false,4,true,3001,3.5235457063711912
47,3000,false,4,true,3001,3.0027700831024933
48,3000,false,4,true,3001,3.3795013850415514
49,3000,false,4,true,3001,2.847645429362881
50,3000,false,4,true,3001,2.7922437673130194
51,3000,false,4,false,3001,10.914127423822714
52,3000,false,4,false,3001,13.97229916897507
53,3000,false,4,false,3001,10.869806094182826
54,3000,false,4,false,3001,10.670360110803324
55,3000,false,4,false,3001,12.598337950138504
56,3000,false,4,false,3001,10.714681440443213
57,3000,false,4,false,3001,13.68421052631579
58,3000,false,4,false,3001,11.069252077562327
59,3000,false,4,false,3001,10.160664819944598
60,3000,false,4,false,3001,8.033240997229917
61,3000,false,8,true,3001,4.96398891966759
62,3000,false,8,true,3001,5.628808864265928
63,3000,false,8,true,3001,5.185595567867036
64,3000,false,8,true,3001,4.631578947368421
65,3000,false,8,true,3001,4.7202216066482
66,3000,false,8,true,3001,5.207756232686981
67,3000,false,8,true,3001,5.362880886426593
68,3000,false,8,true,3001,5.052631578947368
69,3000,false,8,true,3001,5.407202216066482
70,3000,false,8,true,3001,4.67590027700831
71,3000,false,8,false,3001,33.39612188365651
72,3000,false,8,false,3001,24.62049861495845
73,3000,false,8,false,3001,17.52908587257618
74,3000,false,8,false,3001,20.764542936288088
75,3000,false,8,false,3001,15.490304709141274
76,3000,false,8,false,3001,21.73961218836565
77,3000,false,8,false,3001,19.656509695290858
78,3000,false,8,false,3001,20.63157894736842
79,3000,false,8,false,3001,19.168975069252078
80,3000,false,8,false,3001,19.479224376731302
81,3000,false,16,true,3001,7.268698060941828
82,3000,false,16,true,3001,7.8448753462603875
83,3000,false,16,true,3001,6.648199445983379
84,3000,false,16,true,3001,6.781163434903047
85,3000,false,16,true,3001,7.933518005540166
86,3000,false,16,true,3001,7.357340720221607
87,3000,false,16,true,3001,6.515235457063712
88,3000,false,16,true,3001,7.977839335180056
89,3000,false,16,true,3001,6.07202216066482
90,3000,false,16,true,3001,5.54016620498615
91,3000,false,16,false,3001,40.199445983379505
92,3000,false,16,false,3001,39.75623268698061
93,3000,false,16,false,3001,35.146814404432135
94,3000,false,16,false,3001,44.45429362880886
95,3000,false,16,false,3001,40.908587257617725
96,3000,false,16,false,3001,58.637119113573405
97,3000,false,16,false,3001,44.986149584487535
98,3000,false,16,false,3001,40.81994459833795
99,3000,false,16,false,3001,55.26869806094183
100,3000,false,16,false,3001,46.04986149584487
101,3000,false,32,true,3001,14.448753462603879
102,3000,false,32,true,3001,11.789473684210526
103,3000,false,32,true,3001,11.434903047091412
104,3000,false,32,true,3001,14.094182825484765
105,3000,false,32,true,3001,12.498614958448753
106,3000,false,32,true,3001,11.700831024930748
107,3000,false,32,true,3001,14.537396121883656
108,3000,false,32,true,3001,11.434903047091412
109,3000,false,32,true,3001,13.562326869806094
110,3000,false,32,true,3001,14.537396121883656
111,3000,false,32,false,3001,82.70360110803324
112,3000,false,32,false,3001,81.99445983379502
113,3000,false,32,false,3001,105.75069252077563
114,3000,false,32,false,3001,104.33240997229917
115,3000,false,32,false,3001,92.27700831024931
116,3000,false,32,false,3001,127.73407202216066
117,3000,false,32,false,3001,58.415512465373965
118,3000,false,32,false,3001,87.49030470914127
119,3000,false,32,false,3001,91.74515235457064
120,3000,false,32,false,3001,108.58725761772853
121,3000,false,64,true,3001,20.565096952908586
122,3000,false,64,true,3001,22.337950138504155
123,3000,false,64,true,3001,22.515235457063714
124,3000,false,64,true,3001,17.019390581717452
125,3000,false,64,true,3001,20.210526315789473
126,3000,false,64,true,3001,19.678670360110804
127,3000,false,64,true,3001,21.806094182825486
128,3000,false,64,true,3001,15.955678670360111
129,3000,false,64,true,3001,24.110803324099724
130,3000,false,64,true,3001,24.110803324099724
131,3000,false,64,false,3001,160.79778393351802
132,3000,false,64,false,3001,157.60664819944597
133,3000,false,64,false,3001,182.42659279778394
134,3000,false,64,false,3001,168.5983379501385
135,3000,false,64,false,3001,157.25207756232686
136,3000,false,64,false,3001,129.2409972299169
137,3000,false,64,false,3001,161.86149584487535
138,3000,false,64,false,3001,208.3102493074792
139,3000,false,64,false,3001,143.24653739612188
140,3000,false,64,false,3001,149.09695290858727
