"BehaviorSpace results (NetLogo 7,0,4)","Table version 2,0",,,,,,,
"Project,nlogox",,,,,,,,
experiment 2,,,,,,,,
09/30/2026 17:33:02:336 +0200,,,,,,,,
min-pxcor,max-pxcor,min-pycor,max-pycor,,,,,
-9,9,-9,9,,,,,
[run number],maxSteps,nbPatrouilleurs,cognitif,strategie-aleatoire,[step],(nbPatrouilleurs / (count patches)) * maxMaxIdle,,
1,3000,2,true,true,3001,"2,06648199445983",,"2,22049861495845"
2,3000,2,true,true,3001,"2,13296398891967",,"15,8443213296399"
3,3000,2,true,true,3001,"2,13296398891967",,"5,54127423822715"
4,3000,2,true,true,3001,"2,23268698060942",,
5,3000,2,true,true,3001,"2,3601108033241",,
6,3000,2,true,true,3001,"2,33240997229917",,
7,3000,2,true,true,3001,"2,45983379501385",,
8,3000,2,true,true,3001,"2,14404432132964",,
9,3000,2,true,true,3001,"2,04432132963989",,
10,3000,2,true,true,3001,"2,29916897506925",,
11,3000,2,true,false,3001,"1,93351800554017",,
12,3000,2,true,false,3001,"1,91135734072022",,
13,3000,2,true,false,3001,"1,90027700831025",,
14,3000,2,true,false,3001,"2,18836565096953",,
15,3000,2,true,false,3001,"2,03324099722992",,
16,3000,2,true,false,3001,"1,73407202216067",,
17,3000,2,true,false,3001,"2,31024930747922",,
18,3000,2,true,false,3001,"1,96675900277008",,
19,3000,2,true,false,3001,"2,29916897506925",,
20,3000,2,true,false,3001,"1,97783933518006",,
21,3000,2,false,true,3001,"14,7257617728532",,
22,3000,2,false,true,3001,"16,6260387811634",,
23,3000,2,false,true,3001,"15,8781163434903",,
24,3000,2,false,true,3001,"14,3102493074792",,
25,3000,2,false,true,3001,"16,3490304709141",,
26,3000,2,false,true,3001,"16,6260387811634",,
27,3000,2,false,true,3001,"16,6260387811634",,
28,3000,2,false,true,3001,"16,6260387811634",,
29,3000,2,false,true,3001,"16,6260387811634",,
30,3000,2,false,true,3001,"14,0498614958449",,
31,3000,2,false,false,3001,"5,04709141274238",,
32,3000,2,false,false,3001,"5,70083102493075",,
33,3000,2,false,false,3001,"6,01108033240997",,
34,3000,2,false,false,3001,"5,46814404432133",,
35,3000,2,false,false,3001,"6,13296398891967",,
36,3000,2,false,false,3001,"6,29916897506925",,
37,3000,2,false,false,3001,"5,23545706371191",,
38,3000,2,false,false,3001,"5,10249307479224",,
39,3000,2,false,false,3001,"5,06925207756233",,
40,3000,2,false,false,3001,"5,34626038781163",,
